question,answer
Созвездия в небе не спят, как всегда, Тихонько мерцают в разлуке.,Созв+ездия в н+ебе не сп+ят, как всегд+а, Тих+онько мерц+ают в разл+уке.
Закончилась в сумерках птиц суета, На море уснули фелюги.,Зак+ончилась в с+умерках пт+иц сует+а, На м+оре усн+ули фелюги.
И месяц беспутный исчез в темноте: Он дарит созвездиям место.,И м+есяц бесп+утный исч+ез в темнот+е: Он д+арит созв+ездиям м+есто.
Он тоже с землею накоротке Так было всегда, как известно.,Он т+оже с земл+ею нак+оротке Так б+ыло всегд+а, как изв+естно.
А где-то в степи аромат ковыля Поднимается прямо до неба Пропитана запахом этим земля, Ароматом созревшего хлеба.,А гд+е-то в степ+и аром+ат ковыл+я Подним+ается пр+ямо до н+еба Проп+итана з+апахом +этим земл+я, Аром+атом созр+евшего хл+еба.
О́тклик на "Дышит покоем звёздная даль.. ".. ",О́тклик на "Д+ышит пок+оем звёздная д+аль.. ".. "
Автор: Сагидаш Зулкарнаева,Авт+ор: Сагид+аш Зулкарн+аева
Моя печаль Ничем не утолить мою печаль : Она вопит из самых недр сознанья.,Мо+я печ+аль Нич+ем не утол+ить мою печ+аль : Он+а воп+ит из с+амых н+едр созн+анья.
Она пронзает сердце словно сталь. сталь.,Он+а пронз+ает с+ердце сл+овно ст+аль. ст+аль.
Ведет во храм, Христу на покаянье. покаянье.,Вед+ет во хр+ам, Христ+у на пока+янье. пока+янье.
Она уносится в заоблачную даль, Туда где ангелы поют, и нет страданья, И ничего земного мне не жаль, С Тобою Господи несносно расставанье.,Он+а ун+осится в за+облачную д+аль, Туд+а где +ангелы поют, и н+ет страд+анья, И ничег+о земн+ого мн+е не ж+аль, С Тоб+ою Г+осподи несн+осно расстав+анье.
Но видно не закончились дела, И чаша скорбей видно не испита, Но в мире своеволия и зла Теперь я знаю, что не позабыта Теперь сквозь сумрак горя и беды Мне луч надежды сердце согревает, И среди моря мрака и тоски, Сквозь боль и слезы тихо утешает.,Но в+идно н+е зак+ончились дел+а, И ч+аша ск+орбей в+идно н+е исп+ита, Но в м+ире своев+олия и зл+а Теп+ерь я зн+аю, чт+о не позаб+ыта Теп+ерь сквозь с+умрак г+оря +и бед+ы Мне л+уч над+ежды с+ердце согрев+ает, И ср+еди м+оря мр+ака +и тоск+и, Сквозь б+оль и сл+езы т+ихо утеш+ает.
И как бы не были коварны все враги Нетленный свет Христа во тьме сияет.,И к+ак бы н+е б+ыли ков+арны вс+е враг+и Нетл+енный св+ет Христ+а во тьм+е си+яет.
И чтобы не случилось впереди Свою рабу Спаситель не оставит Он даст мне силы выстоять в войне, Где ветры брани всюду завывают.,И чт+обы н+е случ+илось вперед+и Свою раб+у Спас+итель н+е ост+авит Он д+аст мне с+илы в+ыстоять в войн+е, Где в+етры бр+ани всюду завыв+ают.
Но счастье так возможно на земле Когда Господь дорогу освещает.,Но сч+астье т+ак возм+ожно н+а земл+е Когд+а Госп+одь дор+огу освещ+ает.
Пронзил осколок света, Рассмотрев в тени ветвей  Печали черные следы.,Пронз+ил оск+олок св+ета, Рассмотр+ев в тен+и ветв+ей  Печ+али ч+ерные след+ы.
Ушла не получив ответа, Зачем разбил кусочек неба Сопровождающий тебя в пути.,Ушл+а не получ+ив отв+ета, Зач+ем разб+ил кус+очек н+еба Сопровожд+ающий теб+я в пут+и.
Безжалостно украли чистоту невинных слов, И получился стих нескладной формы, Прозрачных капель солоноватый звон Открыл завесу разочарованья.,Безж+алостно укр+али чистот+у нев+инных сл+ов, И получ+ился ст+их нескл+адной ф+ормы, Прозр+ачных к+апель с+олоноватый звон Откр+ыл зав+есу разочаров+анья.
По ромашковому полю я брела, забыв о  боли.,П+о ром+ашковому п+олю +я брел+а, заб+ыв о  б+оли.
Застилала кровь глаза…,Застил+ала кр+овь глаз+а…
Я́ вдыхала запах воли, примеряясь к новой роли.,Я́ вдых+ала з+апах в+оли, пример+яясь к н+овой р+оли.
Горизонт рвала гроза… Белый свет слепящих вспышек… вспышек… неслышим…,Гориз+онт рвал+а гроз+а… Б+елый св+ет слеп+ящих всп+ышек… всп+ышек… несл+ышим…
Только крови шум в ушах… ушах…,Т+олько кр+ови ш+ум в уш+ах… уш+ах…
Сердце бьётся реже, тише, а погоня в спину дышит.,С+ердце бьётся р+еже, т+ише, +а пог+оня в сп+ину д+ышит.
Душат горло злость и страх. страх.,Д+ушат г+орло зл+ость и стр+ах. стр+ах.
Шла, сминая грудью травы ― серый зверь в кольце облавы, И́з которой не уйти.,Шл+а, смин+ая гр+удью тр+авы ― с+ерый зв+ерь в кольц+е обл+авы, И́з кот+орой н+е уйт+и.
Жить ― моё святое право, но свинцовая отрава Убивает изнутри.,Ж+ить ― моё свят+ое пр+аво, н+о свинц+овая отр+ава Убив+ает изнутр+и.
Стихами полнится душа, сегодня ночь так хороша , что всёё стихами полнится!,Стих+ами п+олнится душ+а, сег+одня н+очь так хорош+а , что всёё стих+ами п+олнится!
Входи, моя Бессонница!,Вход+и, мо+я Бесс+онница!
Садись, вот кресло у окна, когда с тобой, я не одна, сейчас заварим чаю, о жизни поболтаем.,Сад+ись, вот кр+есло +у окн+а, когд+а с тоб+ой, я н+е одн+а, сейч+ас зав+арим ч+аю, о ж+изни поболт+аем.
О том, о сем, о ерунде, о близком лете, о судьбе внезапно внезапно-переменчивой, капризной, будто женщина.,О т+ом, о с+ем, о ерунд+е, о бл+изком л+ете, +о судьб+е внез+апно внез+апно-перем+енчивой, капр+изной, б+удто ж+енщина.
Потом немного помолчим.,Пот+ом немн+ого помолч+им.
Давай, не будем про мужчин! мужчин!,Дав+ай, не б+удем пр+о мужч+ин! мужч+ин!
К рассвету дело клонится, пей чай, моя Бессонница!,К рассв+ету д+ело кл+онится, пей ч+ай, мо+я Бесс+онница!
Жасмин раскрыл свой аромат Никто ни в чем не виноват И он, конечно, спит давно… Тсс… слышишь? уходит ночь Такая ж, как вчера… точь в точь…,Жасм+ин раскр+ыл свой аром+ат Никт+о ни в ч+ем не винов+ат И +он, кон+ечно, сп+ит давн+о… Тсс… сл+ышишь? ух+одит н+очь Так+ая ж, к+ак вчер+а… точь в т+очь…
Звонил, пришёл, вошёл, разулся, Разделся, цёмкнул, улыбнулся , Присел, позвал, пришла, присела, Сказала, целовал, хотела.,Звон+ил, пришёл, вошёл, раз+улся, Разд+елся, цёмкнул, улыбн+улся , Прис+ел, позв+ал, пришл+а, прис+ела, Сказ+ала, целов+ал, хот+ела.
Звала, пошла, пошёл, раздел, Прилёг, легла, могла, хотел, Стонала, двигался, кричала, Устал, закончила, молчала.,Звал+а, пошл+а, пошёл, разд+ел, Прилёг, легл+а, могл+а, хот+ел, Стон+ала, дв+игался, крич+ала, Уст+ал, зак+ончила, молч+ала.
Курил, сказал, спешил, оделся, Обулся, глянул, насмотрелся, Пришла, прильнула, отклонил, Ушёл, уехал.,Кур+ил, сказ+ал, спеш+ил, од+елся, Об+улся, гл+янул, насмотр+елся, Пришл+а, прильн+ула, отклон+ил, Ушёл, у+ехал.
Я ворвалась незваной гостьей В обитель пламенной  души.,Я ворвал+ась незв+аной г+остьей В об+итель пл+аменной  душ+и.
Открыться было мне непросто… непросто…,Откр+ыться б+ыло мн+е непр+осто… непр+осто…
Но кто же этим не грешил? грешил?,Но кт+о же +этим н+е греш+ил? греш+ил?
Ты звал меня, но безмятежен Был твой пленительный порыв.,Ты зв+ал мен+я, но безмят+ежен Был тв+ой плен+ительный пор+ыв.
И вот с другой ты так же нежен.,И в+от с друг+ой ты т+ак же н+ежен.
А я лечу стремглав в обрыв… обрыв…,А +я леч+у стремгл+ав в обр+ыв… обр+ыв…
С тобой знакомы мы недавно, Всего лишь  несколько недель, Я написал тебе в тот вечер, Когда на улице метель, Кружа в своём безумном вальсе, Накрыла город пеленой, Уже тогда и с первой строчкой, Я очарован был тобой; Твоим умом и обаяньем, Добром, душевной теплотой, И я писал тебе в Контакте, Ведь мне хотелось быть с тобой, И, вновь оставив всю учёбу, Забросив суетны дела, Спешил скорее быть в он он-лайне, Чтоб снова видеть лишь тебя; С тобой безумно интересно, Твой смайл в письмах дарит позитив, И видя вновь твой аватар, Я отбивал речитатив, стуча по клавишам, Как пьяный пианист…………,С тоб+ой знак+омы м+ы нед+авно, Всег+о лишь  н+есколько нед+ель, Я напис+ал теб+е в тот в+ечер, Когд+а на +улице мет+ель, Круж+а в своём без+умном в+альсе, Накр+ыла г+ород пелен+ой, Уж+е тогд+а и с п+ервой стр+очкой, Я очар+ован б+ыл тоб+ой; Тво+им ум+ом и оба+яньем, Добр+ом, душ+евной теплот+ой, И +я пис+ал теб+е в Конт+акте, Ведь мн+е хот+елось б+ыть с тоб+ой, И, вн+овь ост+авив всю учёбу, Забр+осив с+уетны дел+а, Спеш+ил скор+ее б+ыть в он он-л+айне, Чтоб сн+ова в+идеть л+ишь теб+я; С тоб+ой без+умно интер+есно, Тв+ой смайл в п+исьмах д+арит позит+ив, И в+идя вн+овь твой ават+ар, Я отбив+ал речитат+ив, стуч+а по кл+авишам, Как пь+яный пиан+ист…………
И́ поле для сообщений ― это лист, Где мы с тобой, забыв про бренность бытия, И в 3 3: 15 3: 15 каждой ночи, Писали письма мы друг другу, И не жалели мы себя….….,И́ пол+е для сообщ+ений ― +это л+ист, Где м+ы с тоб+ой, заб+ыв про бр+енность быти+я, И в 3 3: 15 3: 15 к+аждой н+очи, Пис+али п+исьма м+ы друг др+угу, И н+е жал+ели м+ы себ+я….….
Забыв про сон, и про усталость, И наплевать что завтра в семь, Вставать и ехать мне на пары, А впрочем, и не важно это всёё совсем, Неважно даже то, что наши авы, Как Марс с Юпитером от Земли далеки, Мы ставим вместо нас кого угодно, Но всёё равно мы верим в то, что это МЫ́, Но за картинкой даже этой, Я вижу, чувствуя тебя, И́ вновь сообщенье я пишу, И вновь "читаешь" ты меня….….,Заб+ыв про с+он, и пр+о уст+алость, И наплев+ать что з+автра в с+емь, Встав+ать и +ехать мн+е на п+ары, А впр+очем, +и не в+ажно +это всёё совс+ем, Нев+ажно д+аже т+о, что н+аши +авы, Как М+арс с Юп+итером от З+емли далек+и, Мы ст+авим вм+есто н+ас ког+о уг+одно, Но всёё равн+о мы в+ерим в т+о, что +это МЫ́, Но з+а карт+инкой д+аже +этой, Я в+ижу, ч+увствуя теб+я, И́ вновь сообщ+енье +я пиш+у, И вн+овь "чит+аешь" т+ы мен+я….….
И пусть между нами дома, города, Быть может друг друга, и не увидим мы никогда, Быть может друзьями, мы будем только в Сети, Но мне всёё не нужно, мне важна только ты!,И п+усть м+ежду н+ами дом+а, город+а, Б+ыть м+ожет др+уг др+уга, и не ув+идим м+ы никогд+а, Быть м+ожет др+узьями, мы б+удем т+олько в С+ети, Но мн+е всёё не н+ужно, мне в+ажна т+олько ты!
И, вновь когда вечер в город придёт, И в окнах зажгутся огни, Я́ снова войду в мир Интернета, Где нет никого, где есть только ты!,И, вн+овь когд+а в+ечер в г+ород придёт, И в +окнах зажг+утся огн+и, Я́ сн+ова войд+у в м+ир Интерн+ета, Где н+ет никог+о, где есть т+олько ты!
И, вновь сообщение набирая, Я шлю улыбку тебе вновь, Осознаю и понимаю, что в этом мире есть любовь!,И, вн+овь со+общение набир+ая, Я шлю ул+ыбку т+ебе вн+овь, Осознаю и поним+аю, что в +этом м+ире есть люб+овь!
ГО́Т мит унс…. ….,ГО́Т мит +унс…. ….
Играем в прятки Робко, бережно, украдкой В жизнь чужую переносим Нам не нужные предметы....,Игр+аем в пр+ятки Р+обко, б+ережно, укр+адкой В ж+изнь чуж+ую перен+осим Н+ам не н+ужные предм+еты....
Чью-то О́сень, вкус улыбок… улыбок…,Чью-то О́сень, вк+ус ул+ыбок… ул+ыбок…
Перец счастья, лиц обрывки.. обрывки....,П+ерец сч+астья, л+иц обр+ывки.. обр+ывки....
Шоколадные обертки, Грусти-золотые рыбки… рыбки…,Шокол+адные об+ертки, Гр+усти-золот+ые р+ыбки… р+ыбки…
Допотопными часами загоняя время в сутки…. сутки….….,Допот+опными час+ами загон+яя вр+емя в с+утки…. с+утки….….
Летит снежинка…  перчатку.,Лет+ит снеж+инка…  перч+атку.
А жизнь её уже на волоске. волоске.,А ж+изнь её уж+е на волоск+е. волоск+е.
Но ты не бойся, будет всё в порядке!,Но т+ы не б+ойся, б+удет всё в пор+ядке!
Ты не растаешь у меня в руке! руке!,Ты н+е раст+аешь +у мен+я в рук+е! рук+е!
Тебя, как птицу, выпущу на волю. волю.,Теб+я, как пт+ицу, в+ыпущу на в+олю. в+олю.
Тебе теперь какие снятся сны? сны?,Теб+е теп+ерь как+ие сн+ятся сн+ы? сн+ы?
Я хоть и мал, не понимаю, что ли, Что ты пожить мечтаешь до весны?!?!,Я х+оть и м+ал, не поним+аю, чт+о ли, Что т+ы пож+ить мечт+аешь д+о весн+ы?!?!
Вот ответ президента мечтателю: "Объясняю эстету-старателю: Мавзолей ― мир ученого, урну с прахом Буденного Шлю взамен дорогому! ",Вот отв+ет презид+ента мечт+ателю: "Объясн+яю эст+ету-стар+ателю: Мавзол+ей ― м+ир уч+еного, +урну с пр+ахом Б+уденного Шлю взам+ен дорог+ому! "
Я́ теряю постоянно, только то что не  имела, И́ любовь песком сквозь пальцы, и, душа, как гонорея…,Я́ тер+яю посто+янно, т+олько т+о что н+е  им+ела, И́ люб+овь песк+ом сквозь п+альцы, +и, душ+а, как гонор+ея…
И́ сочатся чувства эти, холостою передачей, Кто мне рабство обозначил?,И́ соч+атся ч+увства +эти, холост+ою перед+ачей, Кт+о мне р+абство обозн+ачил?
У́ живущей ― отнял время? время?,У́ жив+ущей ― +отнял вр+емя? вр+емя?
Кто сказал, что постоянно, будет сердце без причала?,Кт+о сказ+ал, что посто+янно, б+удет с+ердце б+ез прич+ала?
Потому что не сумела, потому что не дожала…,Потом+у что н+е сум+ела, потом+у что н+е дож+ала…
Только, может, быть напротив, я была готова ― биться, Для того, кто в этом мире, не успел еще родиться.,Т+олько, м+ожет, б+ыть напр+отив, +я был+а гот+ова ― б+иться, Дл+я тог+о, кто в +этом м+ире, н+е усп+ел ещ+е род+иться.
Опять… метель… Опять кружит метель над головой.  головой.,Оп+ять… мет+ель… Оп+ять круж+ит мет+ель над голов+ой.  голов+ой.
В ней нас… апрель..… апрель....,В ней н+ас… апр+ель..… апр+ель....
Оставил там за праведной чертой. чертой.,Ост+авил т+ам за пр+аведной черт+ой. черт+ой.
И как… всегда....,И к+ак… всегд+а....
Мы маемся в кромешной пустоте… Зачем…, зима… Зачем, зима, вернулась ты ко мне?,Мы м+аемся в кром+ешной пустот+е… Зач+ем…, зим+а… Зач+ем, зим+а, верн+улась т+ы ко мн+е?
Ты не… нужна… И места нет тебе в моей судьбе.,Ты н+е… нужн+а… И м+еста н+ет теб+е в мо+ей судьб+е.
Последний след Метелью заметает на стекле. стекле.,Посл+едний сл+ед Мет+елью замет+ает н+а стекл+е. стекл+е.
Погашен свет… Опять погашен свет в моем окне.,Пог+ашен св+ет… Оп+ять пог+ашен св+ет в мо+ем окн+е.
Я вновь одна… А счастье потерялось в темноте.,Я вн+овь одн+а… А сч+астье потер+ялось в темнот+е.
Мы потягивали пиво, Каждый ― в сторону свою.  свою.,М+ы пот+ягивали п+иво, К+аждый ― в ст+орону свою.  свою.
То ли выгляжу счастливо? счастливо?,То ли в+ыгляжу сч+астливо? сч+астливо?
То ли ― вовсе я не пью? пью?,Т+о ли ― в+овсе +я не пью? пью?
Может, будем мы друзьями, Может, стану я поэт.,М+ожет, б+удем м+ы друзь+ями, М+ожет, ст+ану +я по+эт.
Напишу тогда стихами Через много-много лет, Как топтались мы счастливо Перед бездной на краю, Как потягивали пиво… Каждый ― в сторону свою.,Напиш+у тогд+а стих+ами Ч+ерез мн+ого-мн+ого л+ет, Как топт+ались мы сч+астливо П+еред б+ездной н+а краю, К+ак пот+ягивали п+иво… К+аждый ― в ст+орону свою.
Май 2001,М+ай 2001
На рубеже стою один Сжал время я  в комок.,На рубеж+е стою од+ин Сжал вр+емя +я  в ком+ок.
Века, секунды и часы Все вечности плевок. плевок.,Век+а, сек+унды +и час+ы Все в+ечности плев+ок. плев+ок.
На рубеже сойдут снега С холмов вчерашних дней, На рубеже опять борьба Надежды и потерь.,На рубеж+е сойд+ут снег+а С холм+ов вчер+ашних дн+ей, На рубеж+е оп+ять борьб+а Над+ежды +и пот+ерь.
На рубеже сползет слеза За край холодных губ.,На рубеж+е сполз+ет слез+а За кр+ай хол+одных г+уб.
Рубеж и край, как сруб судьбы, Как вечности заступ.,Руб+еж и кр+ай, как ср+уб судьб+ы, Как в+ечности з+аступ.
Стою один среди одних, Я в лучшем из миров.,Стою од+ин сред+и одн+их, Я в л+учшем +из мир+ов.
Дышу закат, смотрю сквозь миг На таяние снегов.,Дыш+у зак+ат, смотрю сквозь м+иг На т+аяние сн+егов.
Но не печалься что один, Когда на рубеже ты, в мире.,Но н+е печ+алься чт+о од+ин, Когд+а на рубеж+е ты, в м+ире.
Тебе сегодня, лишь всего, Исполнилось двадцать четыре. четыре.,Теб+е сег+одня, л+ишь всег+о, Исп+олнилось дв+адцать чет+ыре. чет+ыре.
когда случилось нашествие я, как раз, был  на набережной, армада серебряных кораблей плыла над Невой.,когд+а случ+илось наш+ествие я, к+ак раз, б+ыл  на н+абережной, арм+ада серебр+яных корабл+ей плыл+а над Нев+ой.
Северо-Запад чернел дымом, очень хотелось взглянуть на лицо всадника, там ли лихая усмешка.,С+еверо-З+апад черн+ел д+ымом, +очень хот+елось взглян+уть на л+ицо вс+адника, т+ам ли лих+ая усм+ешка.
придётся теперь немного изменить картину мира, не правда ли, абориген?,придётся теп+ерь немн+ого измен+ить карт+ину м+ира, не пр+авда л+и, абориг+ен?
Нас независимой компанией назвали, А жизнь связала  вместе, на века.,Нас незав+исимой комп+анией назв+али, А ж+изнь связ+ала  вм+есте, н+а век+а.
Мы созданы для перевозки стали, Как сталь, теперь компания крепка.,Мы с+озданы для перев+озки ст+али, Как ст+аль, теп+ерь комп+ания крепк+а.
Припев: Везём руду, везём метала тонны, Идут составы угля и песка.,Прип+ев: Везём руд+у, везём мет+ала т+онны, Ид+ут сост+авы +угля +и песк+а.
По адресам спешат полувагоны, С надёжным логотипом "НТК".".,По адрес+ам спеш+ат полуваг+оны, С надёжным логот+ипом "НТК".".
По разным адресам спешат вагоны, С надёжным логотипом "НТК".".,По р+азным адрес+ам спеш+ат ваг+оны, С надёжным логот+ипом "НТК".".
Для нас логистика ― работа и наука, По графику вагоны подаём.ём.,Для н+ас лог+истика ― раб+ота +и на+ука, По гр+афику ваг+оны подаём.ём.
В партнёре и клиенте видим друга, А друга никогда не подведём.ём.,В партнёре +и кли+енте в+идим др+уга, А др+уга никогд+а не подведём.ём.
Припев. ,Прип+ев. 
Мы дорожим доверием клиентов, Его, как капитал, мы бережём, И, уважая сильных конкурентов, Своей дорогой к цели мы идём.ём.,Мы дорож+им дов+ерием кли+ентов, Ег+о, как капит+ал, мы бережём, И, уваж+ая с+ильных конкур+ентов, Сво+ей дор+огой к ц+ели м+ы идём.ём.
Припев:  ,Прип+ев:  
дождь радостно весне светлы легки ей слезы  суженый суженый-лето весточку шлет с дороги день еёё прибавляя пора цветения кустарников нет не заснуть мне не надышалась еще милой сиренью а уже рядом жасмин пробует свой аромат пора звучания флейты сакуры цветом наши с тобою души полны любимый я растворяюсь в звуках флейты волшебной твоей пора гнездования как же похожи иероглифы кандзи на птичьи гнезда!,д+ождь р+адостно весн+е св+етлы легк+и ей слез+ы  с+уженый с+уженый-л+ето в+есточку шлет с д+ороги день еёё прибавл+яя пор+а цвет+ения куст+арников н+ет не засн+уть мне н+е надыш+алась ещ+е м+илой сир+енью +а уже р+ядом жасм+ин пр+обует св+ой аром+ат п+ора звуч+ания фл+ейты сак+уры цв+етом н+аши с тоб+ою душ+и п+олны люб+имый я раствор+яюсь в зв+уках фл+ейты волш+ебной тво+ей п+ора гнездов+ания к+ак же пох+ожи иер+оглифы кандз+и н+а птичьи гн+езда!
не потому ли меня танка так тянет писать…,н+е потом+у ли мен+я т+анка так т+янет пис+ать…
ночь вдвоем… страшней нелюбви наверное только смерть но краток тот миг… спи не тревожься милый это лишь ветер в саду сад облетел что вы таите, кандзи покинутых гнезд?,н+очь вдвоем… страшн+ей нелюбв+и н+аверное только см+ерть н+о краток т+от миг… спи н+е трев+ожься м+илый +это лишь в+етер в сад+у с+ад облет+ел чт+о вы та+ите, к+андзи пок+инутых гн+езд?
ветви вас держат бережно, будто весной… весной…,в+етви вас д+ержат б+ережно, б+удто весн+ой… весн+ой…
Вместе надежду хранить…,Вм+есте над+ежду хран+ить…
подглядываю… будто бы случайно, как будто невзначай , исподтишка…,подгл+ядываю… б+удто б+ы случ+айно, как б+удто невзнач+ай , исподтишк+а…
Вы думали-надёжна Ваша тайна, что спрятаться сумели Вы пока, глаза укрыв за Ваш раскрытый веер и скрыв вуалью их игривый блеск, но обмануть меня Вы не сумели я видел Вас и с веером и без, я видел Вас и в шляпке и без шляпки, я видел Вас, как вижу белый свет, я видел, как снимали Вы перчатки и даже как снимали Вы корсет, как Вы снимали всёё… не обещая мне ничего ничего-я вовсе не шучу, когда губами молча припадаю к несмело обнаженному плечу…,Вы д+умали-надёжна В+аша т+айна, что спр+ятаться сум+ели В+ы пок+а, глаз+а укр+ыв за В+аш раскр+ытый в+еер и скр+ыв ву+алью +их игр+ивый бл+еск, но обман+уть мен+я Вы н+е сум+ели я в+идел В+ас и с в+еером и б+ез, я в+идел В+ас и в шл+япке +и без шл+япки, я в+идел В+ас, как в+ижу б+елый св+ет, я в+идел, к+ак сним+али В+ы перч+атки и д+аже к+ак сним+али В+ы корс+ет, как В+ы сним+али всёё… не обещ+ая мне ничег+о ничег+о-я в+овсе н+е шуч+у, когд+а губ+ами м+олча припад+аю к несм+ело +обнаженному плеч+у…
Мужчина по любимой не тоскует, Не ищет  свое прошлое.,Мужч+ина п+о люб+имой н+е тоск+ует, Не +ищет  св+ое пр+ошлое.
Перед подругой молодой "токует" - Тьфу, слово-то какое пошлое.,Пер+ед подр+угой молод+ой "ток+ует" - Тьфу, сл+ово-то как+ое п+ошлое.
Расправит "хвост" павлина, Начистит перышки до блеска. блеска.,Распр+авит "хв+ост" павл+ина, Нач+истит п+ерышки до бл+еска. бл+еска.
И ничего, коль снова мимо, В большинстве ― невесты.,И ничег+о, коль сн+ова м+имо, В большинств+е ― нев+есты.
О́н отплясывает рьяно, Много курит, много ест и много пьет, А за закрытыми дверями, "Господин Инфаркт" сторожко ждет.,О́н отпл+ясывает рь+яно, Мн+ого к+урит, мн+ого +ест и мн+ого пь+ет, А з+а закр+ытыми двер+ями, "Господ+ин Инф+аркт" сторожк+о жд+ет.
Все труднее в выборе не ошибиться, Избежать ненужных огорчений.,Вс+е трудн+ее в в+ыборе не ошиб+иться, Избеж+ать нен+ужных огорч+ений.
Мужчины, вам не стоит торопиться. торопиться.,Мужч+ины, в+ам не ст+оит тороп+иться. тороп+иться.
Однако, обойдусь без нравоучений. нравоучений.,Одн+ако, обойд+усь без нр+авоучений. нр+авоучений.
Ни лишнего слова, ни лишнего жеста - Попробуй  хоть что-то сказать невпопад!,Ни л+ишнего сл+ова, ни л+ишнего ж+еста - Попр+обуй  хоть чт+о-то сказ+ать невпоп+ад!
Родное, блаженное, жуткое место Мой маленький… крохотный… ласковый ад!,Родн+ое, блаж+енное, ж+уткое м+есто Мой м+аленький… кр+охотный… л+асковый +ад!
Здесь каждый обязан поддерживать пламя Ладонью! Ладонью! нами! нами, Гореть тебе в пламени, ох как гореть!,Здесь к+аждый об+язан подд+ерживать пл+амя Лад+онью! Лад+онью! н+ами! н+ами, Гор+еть тебе в пл+амени, +ох как гор+еть!
Со всех семерых прегрешенья снимая, Ладоней отнять не могу от! -,Со вс+ех семер+ых прегреш+енья сним+ая, Лад+оней отн+ять не мог+у от! -
Единственно, неисчислимо восьмая - Любовница? - Любовница?,Ед+инственно, неисчисл+имо восьм+ая - Люб+овница? - Люб+овница?
Здесь каждый Другой ― и один Прокажённый, Фагот перевернутый, прежний Сократ… Не в гости меня и не в сестры ― а в! -,Здесь к+аждый Друг+ой ― и од+ин Прокажённый, Фаг+от перев+ернутый, пр+ежний Сокр+ат… Не в г+ости мен+я и не в с+естры ― а в! -
Воскликновение  ,Воскликновение  
Из всѐх таѝнственны̀й, кем сто̀лько пѐсен спѐто, Как на̀̀ лугу̀̀ цвето̀в и звѐзд с ночно̀ю тьмо̀й, Свирѐльник с ѝменѐм лилѐйно лилѐйно-лѐгким Фѐта, Светѝльник тво̀й пога̀с, когда̀̀ зажѐгся мо̀й.̀й.,Из всѐх таѝнственны̀й, кем сто̀лько пѐсен спѐто, Как на̀̀ лугу̀̀ цвето̀в и звѐзд с ночно̀ю тьмо̀й, Свирѐльник с ѝменѐм лилѐйно лилѐйно-лѐгким Фѐта, Светѝльник тво̀й пога̀с, когда̀̀ зажѐгся мо̀й.̀й.
Ещѐ горѝт мой дѐнь, но мгла̀ вечѐрова̀я Окѐанѝческѝ̀ влила̀сь в пожа̀ры дня̀.̀.,Ещѐ горѝт мой дѐнь, но мгла̀ вечѐрова̀я Окѐанѝческѝ̀ влила̀сь в пожа̀ры дня̀.̀.
Кому̀ мне пѐреда̀ть, звено̀ с звено̀м свива̀я, Свирѐль, чтоб пѐла пѐснь, досто̀йную̀̀ меня̀.1892―1935?̀.1892―1935?,Кому̀ мне пѐреда̀ть, звено̀ с звено̀м свива̀я, Свирѐль, чтоб пѐла пѐснь, досто̀йную̀̀ меня̀.1892―1935?̀.1892―1935?
Снег идет. ,Снег +идет. 
Я греюсь у окна. окна.,Я гр+еюсь +у окн+а. окн+а.
И вижу, как на небо всходит белая луна.,И в+ижу, к+ак на н+ебо всх+одит б+елая лун+а.
Луна одна, и я одна, но вместе мы в двое.,Лун+а одн+а, и +я одн+а, но вм+есте мы в дв+ое.
А ты один.,А т+ы од+ин.
И за окном твоим, нет снега, нет луны.,И з+а окн+ом тво+им, нет сн+ега, н+ет лун+ы.
Лишь звезды, фонари И кратеры моей души. души.,Лишь зв+езды, фонар+и И кр+атеры мо+ей душ+и. душ+и.
Так.   гуляешь. считаю. упражнениями. много. это? кофе. нельзя! убеждён.ён. какой - нить пример./ Толстой. проповедовал!,Т+ак.   гул+яешь. счит+аю. упражн+ениями. мн+ого. это? к+офе. нельз+я! убеждён.ён. как+ой - нить прим+ер./ Толст+ой. пропов+едовал!
Плавно падает вниз Желтый высохший лист На  аллею, шурша.,Плавно п+адает вн+из Желтый в+ысохший л+ист На  алл+ею, шурш+а.
Я иду не спеша… спеша…,Я ид+у не спеш+а… спеш+а…
Греет плеер бедро.,Греет пл+еер бедр+о.
В длинных полах пальто Заблудились ветра. ветра.,В длинных п+олах пальт+о Заблуд+ились ветр+а. ветр+а.
Я иду не спеша… спеша…,Я ид+у не спеш+а… спеш+а…
И спускаясь с небес, Дождевых нитей лес Застилает глаза.,И спуск+аясь с неб+ес, Дождев+ых нитей л+ес Застил+ает глаз+а.
Я иду не спеша… спеша…,Я ид+у не спеш+а… спеш+а…
Словно мир мой давно Превратился в кино. кино.,Словно м+ир мой давн+о Преврат+ился в кин+о. кин+о.
Кадр за кадром шурша, Я иду не спеша…,Кадр за к+адром шурш+а, Я ид+у не спеш+а…
Внизу̀ мне ска̀жут: дѐло к лѐдохо̀ду.,Внизу̀ мне ска̀жут: дѐло к лѐдохо̀ду.
Лёд, нѐ ходѝ!̀!̀ и глу̀бока̀̀ осту̀да.̀да.,Лёд, нѐ ходѝ!̀!̀ и глу̀бока̀̀ осту̀да.̀да.
Мне жа̀ль того̀, повѐрх воды̀, путѝ в Полѐново̀̀, наѝскосо̀к отсю̀да.̀да.,Мне жа̀ль того̀, повѐрх воды̀, путѝ в Полѐново̀̀, наѝскосо̀к отсю̀да.̀да.
Я вы̀хожу̀.̀ тепло̀.̀.,Я вы̀хожу̀.̀ тепло̀.̀.
Мне го̀воря̀т, что дѐло к лѐдохо̀ду. лѐдохо̀ду.̀дохо̀ду.,Мне го̀воря̀т, что дѐло к лѐдохо̀ду. лѐдохо̀ду.̀дохо̀ду.
Грущу̀ и ра̀да: у̀тром с кры̀ш текло̀̀ ― я о̀т воды̀̀ отла̀мыва̀ю во̀ду.̀ду.,Грущу̀ и ра̀да: у̀тром с кры̀ш текло̀̀ ― я о̀т воды̀̀ отла̀мыва̀ю во̀ду.̀ду.
Иду̀ в Пачё̀во, в дѐреву̀шку. дѐреву̀шку.̀реву̀шку. пу̀стору̀ка.̀стору̀ка.,Иду̀ в Пачё̀во, в дѐреву̀шку. дѐреву̀шку.̀реву̀шку. пу̀стору̀ка.̀стору̀ка.
К ней вла̀жен гла̀з, и слу̀х в неѐ̀ влюблѐн.̀н.,К ней вла̀жен гла̀з, и слу̀х в неѐ̀ влюблѐн.̀н.
Налив себе горячий чай, Сидишь, закутавшись и  куришь Внутри от дыма лишь печаль И в сердце ненависть находишь И в одиночестве томишься, И море чувств смешалось в голове Любви теперь своей боишься И недоверие ко всем Его измена, ножик в сердце, Его слова дурманили рассудок И на прощанье хлопнул дверцей, А ты проплакала все сутки А было время, ты была, Его единственной малышкой, Но видно это не судьба, Сиянье вечное осталось просто вспышкой,Нал+ив себ+е гор+ячий ч+ай, Сид+ишь, зак+утавшись и  к+уришь Внутр+и от д+ыма л+ишь печ+аль И в с+ердце н+енависть нах+одишь И в один+очестве том+ишься, И м+оре ч+увств смеш+алось в голов+е Любв+и теп+ерь сво+ей бо+ишься И недов+ерие ко вс+ем Ег+о изм+ена, н+ожик в с+ердце, Ег+о слов+а дурм+анили расс+удок И н+а прощ+анье хл+опнул дв+ерцей, А т+ы пропл+акала все с+утки А б+ыло вр+емя, т+ы был+а, Ег+о ед+инственной мал+ышкой, Но в+идно +это н+е судьб+а, Си+янье в+ечное ост+алось пр+осто всп+ышкой
просто слушай демонов внутри.  внутри.,пр+осто сл+ушай д+емонов внутр+и.  внутр+и.
они все скажут. правду или ложь ты все равно уже не разберешь.,он+и все ск+ажут. пр+авду +или л+ожь ты вс+е равн+о уж+е не разбер+ешь.
просто слушай демона души. души.,пр+осто сл+ушай д+емона душ+и. душ+и.
карандаш бери, бумагу и пиши. пиши.,каранд+аш бер+и, бум+агу +и пиш+и. пиш+и.
слово в слово. все пиши, что слышишь. слышишь.,сл+ово в сл+ово. вс+е пиш+и, что сл+ышишь. сл+ышишь.
зарисуй картинки, как ты дышишь. дышишь.,зарис+уй карт+инки, к+ак ты д+ышишь. д+ышишь.
только вздох. и рядом не души. души.,т+олько взд+ох. и р+ядом н+е душ+и. душ+и.
не сиди и никого не жди. жди.,н+е сид+и и никог+о не жд+и. жд+и.
не придет никто. затея провалилась. провалилась.,н+е прид+ет никт+о. зат+ея провал+илась. провал+илась.
даже если солнце вдруг пробилось. пробилось.,д+аже +если с+олнце вдр+уг проб+илось. проб+илось.
никому не суждено прийти. прийти.,ником+у не сужден+о прийт+и. прийт+и.
Он пришел в этот мир с другой  стороны, Он усвоил привычки и местный язык.,Он приш+ел в этот м+ир с другой  ст+ороны, Он усв+оил прив+ычки и м+естный яз+ык.
Его мысли спокойны, поступки верны, Он почти никогда не срывался на крик.,Его м+ысли спок+ойны, пост+упки верн+ы, Он почт+и никогд+а не срыв+ался на кр+ик.
Он всегда заодно со здешней луной И́ никто не знает про этот союз.,Он всегд+а заодн+о со здешн+ей луной И́ никт+о не зн+ает пр+о +этот союз.
Даже та, что рядом, что зовётся женой, Считает, что он просто слушает блюз.,Даже т+а, что ряд+ом, что зовётся жен+ой, Счит+ает, что +он пр+осто сл+ушает блюз.
О́н не может вспомнить, зачем пришёл, Для чего смотрит назойливый сон, И когда я сажусь за обыденный стол, Мне всёё хочется думать, что я ― это он.,О́н не м+ожет всп+омнить, зач+ем пришёл, Для чег+о смотрит н+азойливый сон, И когд+а я саж+усь за об+ыденный ст+ол, Мне всёё х+очется д+умать, что +я ― это +он.
…женщинам на День Рожденье… … Рожденье…,…ж+енщинам на Д+ень Рожд+енье… … Рожд+енье…
Никому не говорите Сколько Вам сегодня лет - Для себя лишь сохраните Э́тот маленький секрет!,Ником+у не говор+ите Ск+олько В+ам сег+одня л+ет - Дл+я себ+я лишь сохран+ите Э́тот м+аленький секр+ет!
Пусть останется загадкой Сколько вёсен, сколько зим Провожали Вас украдкой - О́блик Ваш неотразим!,П+усть ост+анется заг+адкой Ск+олько вёсен, ск+олько з+им Провож+али В+ас укр+адкой - О́блик В+аш неотраз+им!
Счёт для женщины не важен. важен.,Счёт для ж+енщины не в+ажен. в+ажен.
Важно знать наперечёт Сколько рыцарей отважных К сердцу женскому влечёт!ёт!,В+ажно зн+ать наперечёт Ск+олько р+ыцарей отв+ажных К с+ердцу ж+енскому влечёт!ёт!
Возраст в этом не помеха - Важен опыт и кураж, Ведь влюблённым не до смеха - Кто влюблён, тот весь он Ваш!,В+озраст в +этом н+е пом+еха - В+ажен +опыт +и кур+аж, В+едь влюблённым н+е до см+еха - Кт+о влюблён, тот в+есь он В+аш!
Потому на День Рожденье Дарят женщине цветы - Восхищенье, упоенье И́ желанные мечты!,Потом+у на Д+ень Рожд+енье Д+арят ж+енщине цвет+ы - Восхищ+енье, упо+енье И́ жел+анные мечт+ы!
Потоптались, посмеялись, но ушли, Боль осталась липкой  массой на стене Самой дальней комнаты моей души, И́ без глаз твоих не видно солнца мне.,Потопт+ались, посме+ялись, н+о ушл+и, Б+оль ост+алась л+ипкой  м+ассой н+а стен+е С+амой д+альней к+омнаты мо+ей душ+и, И́ без гл+аз тво+их не в+идно с+олнца мн+е.
И́ зализывая раны на руках, Я́ подумаю ― зачем смеюсь?,И́ зал+изывая р+аны н+а рук+ах, Я́ под+умаю ― зач+ем смеюсь?
Знаешь, видно, по-другому мне никак, По-другому, видно, я загнусь.,Зн+аешь, в+идно, по-друг+ому мн+е ник+ак, По-друг+ому, в+идно, +я загн+усь.
Когда на душе час от часа не  легче, Ты мысли дурные гони от себя.,Когд+а на душ+е час от ч+аса не  л+егче, Ты м+ысли дурн+ые гон+и от себ+я.
Зачем утешать себя грубою лестью, Что никогда не захочешь тепла.,Зач+ем утеш+ать себ+я гр+убою л+естью, Чт+о никогд+а не зах+очешь тепл+а.
Тепла ладоней, губ дыхание Срывающееся в полночный час…,Тепл+а лад+оней, г+уб дых+ание Срыв+ающееся в полн+очный ч+ас…
Быть может, это наказание Господь придумал лишь для нас?,Быть м+ожет, +это наказ+ание Госп+одь прид+умал л+ишь для н+ас?
Судьба, душа, любовь и тело… тело…,Судьб+а, душ+а, люб+овь и т+ело… т+ело…
Ты им скажи: не надо быть! быть!,Ты +им скаж+и: не н+адо б+ыть! б+ыть!
Но разве в этом только дело, Что не могу тебя забыть…,Но р+азве в +этом т+олько д+ело, Что н+е мог+у теб+я заб+ыть…
Ах как же хорошо быть дилетантом, И  наслаждаться девственностью чувств, Вкушать эмоций трепетные фанты Из чьих-то воодушевлённых уст.,Ах к+ак же хорош+о быть дилет+антом, И  наслажд+аться д+евственностью ч+увств, Вкуш+ать эм+оций тр+епетные ф+анты Из чь+их-то воодушевлённых +уст.
Порою пробудит воображенье Лишь пара слов в строке живых стихов, И мне не интересно чьё-то мненье, Насколько идеален ритм строф.,Пор+ою пробуд+ит воображ+енье Лишь п+ара сл+ов в строк+е жив+ых стих+ов, И мн+е не интер+есно чьё-то мн+енье, Наск+олько иде+ален р+итм строф.
Мне жалко тех, кто мерит слог и рифму, Из-за деревьев им не виден лес, Иные "профи" ― уж давно на рифах, Лишившись так и жизни, и чудес.,Мне ж+алко т+ех, кто м+ерит сл+ог и р+ифму, Из-з+а дер+евьев +им не в+иден л+ес, Ин+ые "пр+офи" ― +уж давн+о на р+ифах, Лиш+ившись т+ак и ж+изни, +и чуд+ес.
Но творчество ― не поле для ристалищ, А только способ высказать себя - Трансляцией души с еёё пожарищ, И́ли с полётов, или крик крик-мольба…-мольба…,Но тв+орчество ― не п+оле дл+я рист+алищ, А т+олько сп+особ в+ысказать себ+я - Трансл+яцией душ+и с еёё пож+арищ, И́ли с полётов, +или кр+ик кр+ик-мольб+а…-мольб+а…
Ведь этот SOS ― и есть первопричина, Услышал ― хорошо, а нет ― пройди, Согрейся у случайного камина, Или ищи источник впереди…,Ведь +этот SOS ― и есть первоприч+ина, Усл+ышал ― хорош+о, а н+ет ― пройд+и, Согр+ейся +у случ+айного кам+ина, Ил+и ищ+и ист+очник вперед+и…
Я люблю̀ старико̀в, начина̀ющих сно̀ва В шестьдеся̀т  или в сѐмьдесят ― сѐмьдесят пя̀ть, Позабы̀вших заро̀к, наруша̀ющих сло̀во, Начина̀ющих сно̀ва опя̀ть и опя̀ть.̀ть.,Я люблю̀ старико̀в, начина̀ющих сно̀ва В шестьдеся̀т  или в сѐмьдесят ― сѐмьдесят пя̀ть, Позабы̀вших заро̀к, наруша̀ющих сло̀во, Начина̀ющих сно̀ва опя̀ть и опя̀ть.̀ть.
Не зелѐным, а сѐро-седы̀м, посрамлѐнным, На колѐни поста̀вленным, сшѝбленным с но̀г, Закалѐнным тоско̀й и бедо̀й укреплѐнным Я б охо̀тней всего̀̀ пособѝл и помо̀г.̀г.,Не зелѐным, а сѐро-седы̀м, посрамлѐнным, На колѐни поста̀вленным, сшѝбленным с но̀г, Закалѐнным тоско̀й и бедо̀й укреплѐнным Я б охо̀тней всего̀̀ пособѝл и помо̀г.̀г.
Э́тот миг пролетит, улетит, ускользнет навсегда, И  останется лишь вспоминаемым изредка, странным, Уходящим навек в глубину моих дней, в никуда Днем туманным, растаявшей памятью, встречей нежданной.,Э́тот м+иг пролет+ит, улет+ит, ускользн+ет навсегд+а, И  ост+анется л+ишь вспомин+аемым +изредка, стр+анным, Уход+ящим нав+ек в глубин+у мо+их дн+ей, в никуд+а Днем тум+анным, раст+аявшей п+амятью, встр+ечей нежд+анной.
Дальний плеск голосов, стук машинок и шелест бумаг.,Д+альний пл+еск голос+ов, стук маш+инок и ш+елест бум+аг.
В шумном зале почтамта десятки случайного люда. люда.,В ш+умном з+але почт+амта дес+ятки случ+айного люда. люда.
Безучастно скользя по толпе, взгляд мой выхватил знак: Вихри светлых волос, черный свитер и взгляд ниоткуда.,Безуч+астно скольз+я по толп+е, взгляд мой в+ыхватил зн+ак: В+ихри св+етлых в+олос, ч+ерный св+итер +и взгляд ниотк+уда.
Этой встрече-невстрече-неслову-невзгляду ― не срок. срок.,Этой встр+ече-невстр+ече-несл+ову-невзгл+яду ― не ср+ок. ср+ок.
Расходясь со слезами, без слез, навсегда, безвозвратно, Мы с тобой перешли тот далекий незримый порог, Что не пустит, не даст никогда нам вернуться обратно.,Расход+ясь со слез+ами, без сл+ез, навсегд+а, безвозвр+атно, Мы с тоб+ой перешл+и тот дал+екий незр+имый пор+ог, Что не п+устит, не д+аст никогд+а нам верн+уться обр+атно.
Безучастный мой взгляд отвернулся от светлых волос. волос.,Безуч+астный мой взгл+яд отверн+улся от св+етлых вол+ос. вол+ос.
Я стою, не дышу, не живу, не хочу и не знаю, Что украл этот миг, что опять в мою память унес, Чей вопрос вопрос-невопрос, чей ответ ответ-неответ я теряю.,Я стою, не дыш+у, не жив+у, не хоч+у и не зн+аю, Что укр+ал +этот м+иг, что оп+ять в мою п+амять ун+ес, Чей вопр+ос вопр+ос-невопр+ос, чей отв+ет отв+ет-неотв+ет я тер+яю.
ДЕНЬ РОЖДЕНИЯ ,ДЕНЬ РОЖДЕНИЯ 
А̀ на у̀лицѐ весна̀.̀ весна̀.̀.,А̀ на у̀лицѐ весна̀.̀ весна̀.̀.
Игра̀ет в цу̀рки па̀цанва̀. па̀цанва̀.̀цанва̀.,Игра̀ет в цу̀рки па̀цанва̀. па̀цанва̀.̀цанва̀.
Ѝ напра̀во, ѝ налѐво ― ѝ, какѝе дѐвочки. дѐвочки.̀вочки.,Ѝ напра̀во, ѝ налѐво ― ѝ, какѝе дѐвочки. дѐвочки.̀вочки.
Дѐвочкѝ, подвѝньтесь, vèni, vìdi, vìci.vèni, vìdi, vìci.vìdi, vìci.vìci.,Дѐвочкѝ, подвѝньтесь, vèni, vìdi, vìci.vèni, vìdi, vìci.vìdi, vìci.vìci.
Я Ива̀н-капита̀н, всѐх девѝц пово̀ева̀л. пово̀ева̀л.̀ева̀л.,Я Ива̀н-капита̀н, всѐх девѝц пово̀ева̀л. пово̀ева̀л.̀ева̀л.
Фѝг, фиг, фѝга с два̀, ты, Ива̀н, Ива̀н-капита̀н, нѝзенько̀го ро̀сту ― мѐтр дѐвяно̀сто!̀вяно̀сто!,Фѝг, фиг, фѝга с два̀, ты, Ива̀н, Ива̀н-капита̀н, нѝзенько̀го ро̀сту ― мѐтр дѐвяно̀сто!̀вяно̀сто!
А̀ на у̀лицѐ весна̀, тро̀туа̀р вы̀сох. вы̀сох.̀сох.,А̀ на у̀лицѐ весна̀, тро̀туа̀р вы̀сох. вы̀сох.̀сох.
Ско̀ро вы̀брызнѐт листва̀ ѝзо всѐх сѝсек. сѝсек.̀сек.,Ско̀ро вы̀брызнѐт листва̀ ѝзо всѐх сѝсек. сѝсек.̀сек.
21 марта 19671967,21 марта 19671967
Капля дождинки, Солнышка лучик, Нежность травинки, Ветер , Ветер-попутчик.-попутчик.,К+апля дожд+инки, С+олнышка л+учик, Н+ежность трав+инки, В+етер , В+етер-поп+утчик.-поп+утчик.
Речки журчанье, У́тра прохлада, С другом свиданье - Что еще надо?,Р+ечки журч+анье, У́тра прохл+ада, С др+угом свид+анье - Чт+о еще н+адо?
Вам итак нелегко, господа. , господа.,Вам ит+ак нелегк+о, господ+а. , господ+а.
Не потворствуйте немощной старости. старости.,Не потв+орствуйте н+емощной ст+арости. ст+арости.
Вы обидите нас навсегда Вашей благотворительной жалостью. жалостью.,Вы об+идите н+ас навсегд+а Вашей благотвор+ительной ж+алостью. ж+алостью.
Мы стыдимся заслуженных ран. ран.,Мы стыд+имся засл+уженных р+ан. р+ан.
Нам людское внимание ― пытка. ― пытка.,Нам людск+ое вним+ание ― п+ытка. ― п+ытка.
Мы привыкли "работать на план". план".".,Мы прив+ыкли "раб+отать на пл+ан". пл+ан".".
В мир иной уходить без убытков. убытков.,В мир ин+ой уход+ить без уб+ытков. уб+ытков.
Мы скромны. права.,Мы скромн+ы. прав+а.
Нас всенощно одно и тревожит: Раньше встать, засучить рукава И ещёё, что ни ни-будь, приумножить.,Нас всен+ощно одн+о и трев+ожит: Раньше вст+ать, засуч+ить рукав+а И ещёё, что ни ни-б+удь, приумн+ожить.
Зачем лелеешь тишину? ,Зач+ем лел+еешь тишин+у? 
Зачем ты тешишься надеждой? надеждой?,Зач+ем ты т+ешишься над+еждой? над+еждой?
Ведь та любовь ушла давно, Остались слезы, слезы… И тот, кто за тобою шел, Давно лежит в земле глубокой Но может есть еще надежда?,Ведь т+а люб+овь ушл+а давн+о, Ост+ались сл+езы, сл+езы… И т+от, кто з+а тоб+ою ш+ел, Давн+о леж+ит в земл+е глуб+окой Но м+ожет +есть ещ+е над+ежда?
Быть может встретитесь вы вновь? вновь?,Быть м+ожет встр+етитесь вы вн+овь? вн+овь?
В ином обличии, одежде… В иное время, но… Быть может, Ты увидишь вновь его?,В ин+ом обл+ичии, од+ежде… В ин+ое вр+емя, н+о… Быть м+ожет, Т+ы ув+идишь вн+овь ег+о?
Он тот, кто верит силе слова, Кто не бросает их вперед, И пусть сейчас он не с тобою, Но будет время он придет.,Он т+от, кто в+ерит с+иле сл+ова, Кто н+е брос+ает +их впер+ед, И п+усть сейч+ас он н+е с тоб+ою, Но б+удет вр+емя +он прид+ет.
И ты услышишь о том небе, Что краше всякого теперь.,И т+ы усл+ышишь +о том н+ебе, Что кр+аше вс+якого теп+ерь.
Он путь пройдет, преодолеет И вновь вы встретитесь, ты верь.,Он п+уть пройд+ет, преодол+еет И вн+овь вы встр+етитесь, ты в+ерь.
Но кто же он, тот славный рыцарь, Кому ты сердце отдала?,Но кт+о же +он, тот сл+авный р+ыцарь, Ком+у ты с+ердце отдал+а?
Скажи, ведь знаешь ты отныне, Что та любовь еще жива.,Скаж+и, ведь зн+аешь т+ы отн+ыне, Что т+а люб+овь ещ+е жив+а.
В ночи покой И дня привет, Волны  прибой, Меня там нет.,В ноч+и пок+ой И дн+я прив+ет, Волн+ы  приб+ой, Мен+я там н+ет.
Зари огонь, Немой рассвет, Земли ладонь, Меня там нет.,Зар+и ог+онь, Нем+ой рассв+ет, Земл+и лад+онь, Мен+я там н+ет.
В час роковой Мой голос смолк, Я был убит За то, что волк.,В час роков+ой Мой г+олос см+олк, Я б+ыл уб+ит За т+о, что в+олк.
День струится, персик расцветает, В небе золотой  и синий цвет… Сердце ничего еще не знает!..!..,Д+ень стру+ится, п+ерсик расцвет+ает, В н+ебе золот+ой  и с+иний цв+ет… С+ердце ничег+о ещ+е не зн+ает!..!..
Первая любовь и нежность лет… Синева и розовость, и юность… Хоть кто-нибудь зайдите в этот вечер, В мой одинокий дом… ну кто-нибудь… Усталый путник, завершивший путь, Бродяга, птица или вольный ветер, На миг, на час, на вечер… Кто-нибудь!..-нибудь!..,П+ервая люб+овь и н+ежность л+ет… Синев+а и р+озовость, и юность… Хоть кт+о-ниб+удь зайд+ите в +этот в+ечер, В мой один+окий д+ом… ну кт+о-ниб+удь… Уст+алый п+утник, заверш+ивший п+уть, Брод+яга, пт+ица +или в+ольный в+етер, На м+иг, на ч+ас, на в+ечер… Кт+о-ниб+удь!..-ниб+удь!..
Ага.   там. этом вечере. сохранялся./ все кабинеты/ все классы были под кабинеты./ чтоб нас сильно учили чему-то.-то./ так сказать/ что-то.-то./ она светилась/ потому что мы все всёё время проводили в школе. вышивать/ нам особенно… и вязание было/ и швейное от… было дело.,Аг+а.   т+ам. +этом в+ечере. сохран+ялся./ вс+е кабин+еты/ вс+е кл+ассы б+ыли под кабин+еты./ чтоб н+ас с+ильно уч+или чем+у-то.-то./ так сказ+ать/ чт+о-то.-то./ он+а свет+илась/ потом+у что м+ы вс+е всёё вр+емя провод+или в шк+оле. вышив+ать/ н+ам ос+обенно… и вяз+ание б+ыло/ и шв+ейное от… б+ыло д+ело.
Ты тачкою крутою горд, Баблом затоплен до  колен И крутит задом МАНИГЁРЛ Перед тобою ― МАНИ́КЕН.,Ты т+ачкою крут+ою г+орд, Бабл+ом зат+оплен д+о  кол+ен И кр+утит з+адом МАНИГЁРЛ П+еред тоб+ою ― МАНИ́КЕН.
Очками, круто, лоб подпёр, Чтоб крыша не давала крен, - Прикольно, ― шепчет МАНИГЁРЛ, - Ништяк, ― внимает МА́НИКЕН.,Очк+ами, кр+уто, л+об подпёр, Чтоб кр+ыша н+е дав+ала кр+ен, - Прик+ольно, ― ш+епчет МАНИГЁРЛ, - Ништ+як, ― вним+ает МА́НИКЕН.
Ты реп танцуешь ― ЙЁ, ЙЁ, ЙЁ И дышишь горячо как фен Перед пустою МАНИГЁРЛ Пустопорожний МАНИ́КЕН.,Ты р+еп танц+уешь ― ЙЁ, ЙЁ, ЙЁ И д+ышишь горяч+о как ф+ен Пер+ед пуст+ою МАНИГЁРЛ Пустопор+ожний МАНИ́КЕН.
Папье-маше ― удавом горл, Гипс застывает в жерлах вен.,Папь+е-маш+е ― уд+авом г+орл, Гипс застыв+ает в ж+ерлах в+ен.
Прообразом для МАНИГЁРЛ, Был, несомненно, МАНИ́КЕН., МАНИ́КЕН.,Про+образом для МАНИГЁРЛ, Б+ыл, несомн+енно, МАНИ́КЕН., МАНИ́КЕН.
Коррупции цветок расцвёл Попса на всех подмостках сцен.,Корр+упции цвет+ок расцвёл Попс+а на вс+ех подм+остках сц+ен.
В телеэфире ― МАНИГЁРЛ И каждый третий ― МА́НИКЕН. ― МА́НИКЕН.,В телеэф+ире ― МАНИГЁРЛ И к+аждый тр+етий ― МА́НИКЕН. ― МА́НИКЕН.
ВСЕВЫ́ШНИЙ очевидно, зол - Мы изменяем коды ген, Мутируя под МАНИГЁРЛ, Клонируя под МА́НИКЕН.,ВСЕВЫ́ШНИЙ очев+идно, з+ол - Мы измен+яем к+оды г+ен, Мут+ируя под МАНИГЁРЛ, Клон+ируя под МА́НИКЕН.
В сознанье нации разор. разор.,В созн+анье н+ации раз+ор. раз+ор.
Сожжён, разграблен Карфаген: Родя бесполых МАНИГЁРЛ, Среди бездушных МА́НИКЕН.,Сожжён, разгр+аблен Карфаг+ен: Род+я бесп+олых МАНИГЁРЛ, Сред+и безд+ушных МА́НИКЕН.
Ты милым ангелом спустилась надо мной, Забрав  меня на век в свои просторы.,Ты м+илым +ангелом спуст+илась н+адо мн+ой, Забр+ав  мен+я на в+ек в сво+и прост+оры.
И унесла в тот мир, где встречусь я с мечтой, В мир прошлого, задвинув плотно шторы.,И унесл+а в тот м+ир, где встр+ечусь +я с мечт+ой, В мир пр+ошлого, задв+инув пл+отно шт+оры.
С тобой готов лететь я хоть на край земли, Сотру из памяти всёё то, что ты желаешь.,С тоб+ой гот+ов лет+еть я х+оть на кр+ай земл+и, Сотр+у из п+амяти всёё т+о, что т+ы жел+аешь.
Коль в этой жизни всё же встретиться смогли, Судьба нам сказку подарила, понимаешь.,Коль в +этой ж+изни всё же встр+етиться смогл+и, Судьб+а нам ск+азку подар+ила, поним+аешь.
Здесь нет запретов, нет заборов, нет преград, Цветут сады и воздух полон ароматом.,Здесь н+ет запр+етов, н+ет заб+оров, н+ет прегр+ад, Цвет+ут сад+ы и в+оздух п+олон аром+атом.
Я понял здесь, что в жизни выше нет наград, Чем просто быть всегда с тобою рядом.,Я п+онял зд+есь, что в ж+изни в+ыше н+ет нагр+ад, Чем пр+осто б+ыть всегд+а с тоб+ою р+ядом.
С зорёй, проснувшись видеть нежный локон твой, И губки нежно целовать твои запоем.,С зорёй, просн+увшись в+идеть н+ежный л+окон тв+ой, И г+убки н+ежно целов+ать тво+и зап+оем.
Вдыхать твой запах, что дурманит разум мой, Здесь жизнь свою красивую устроим.,Вдых+ать твой з+апах, чт+о дурм+анит р+азум м+ой, Здесь ж+изнь свою крас+ивую устр+оим.
Пусть в ней не будет не дождей не бурь, не гроз, И лишь любви прекрасные порывы.,Пусть в н+ей не б+удет н+е дожд+ей не б+урь, не гр+оз, И л+ишь любв+и прекр+асные пор+ывы.
Всё это строить будем мы с тобой всерьёз, Мы уберём из жизни пропасти обрывы.,Всё +это стр+оить б+удем м+ы с тоб+ой всерьёз, Мы уберём из ж+изни пр+опасти обр+ывы.
И прости, что тебя я любила!,И прост+и, что теб+я я люб+ила!
Я тебе не нужна! нужна!,Я теб+е не нужн+а! нужн+а!
Осознала.  рада!,Осозн+ала.  р+ада!
Только жаль, что впустую Я чувства так долго хранила……………………,Только ж+аль, что впуст+ую Я ч+увства так д+олго хран+ила……………………
Когда тебя со мною рядом нет, Когда  не слышу я твой звонкий смех, Я забываюсь, словно зарываюсь в снег И жизни без тебя мне нет.,Когд+а теб+я со мн+ою р+ядом н+ет, Когд+а  не сл+ышу +я твой зв+онкий см+ех, Я забыв+аюсь, сл+овно зарыв+аюсь в сн+ег И ж+изни б+ез теб+я мне н+ет.
Припев: Пусть говорят, что я твой фанат, Пусть говорят, что я виноват, В том, что теперь ты не одна, Ведь у меня есть ты, а я есть у тебя.,Прип+ев: П+усть говор+ят, что +я твой фан+ат, П+усть говор+ят, что +я винов+ат, В том, чт+о теп+ерь ты н+е одн+а, Ведь +у мен+я есть т+ы, а +я есть +у теб+я.
Мне наплевать на сплетни тех, Кто в жизни не имел успех - Влюбиться в ту, которая со мной, Всю жизнь мечтает под луной…,Мне наплев+ать на спл+етни т+ех, Кто в ж+изни н+е им+ел усп+ех - Влюб+иться в т+у, кот+орая со мн+ой, Всю ж+изнь мечт+ает п+од лун+ой…
Припев: Пусть говорят, что я твой фанат, Пусть говорят, что я виноват, В том, что теперь ты не одна, Ведь у меня есть ты, а я есть у тебя.,Прип+ев: П+усть говор+ят, что +я твой фан+ат, П+усть говор+ят, что +я винов+ат, В том, чт+о теп+ерь ты н+е одн+а, Ведь +у мен+я есть т+ы, а +я есть +у теб+я.
Ну может я и не красавец, Ну может я и негодяй…,Ну м+ожет +я и н+е крас+авец, Ну м+ожет +я и негод+яй…
Пусть говорят, что я ― мерзавец, Что так легко увел тебя!…!…,Пусть говор+ят, что +я ― мерз+авец, Что т+ак легк+о ув+ел теб+я!…!…
Припев: Пусть говорят, что я твой фанат, Пусть говорят, что я виноват, В том, что теперь ты не одна, Ведь у меня есть ты, а я есть у тебя.,Прип+ев: П+усть говор+ят, что +я твой фан+ат, П+усть говор+ят, что +я винов+ат, В том, чт+о теп+ерь ты н+е одн+а, Ведь +у мен+я есть т+ы, а +я есть +у теб+я.
Вот пролетели снова выходные, Я как и  прежде проскучала по тебе, Со мною дети лишь мои родные, Коньяк в хрустале, рюмка на столе…,Вот пролет+ели сн+ова выходн+ые, Я к+ак и  пр+ежде проскуч+ала п+о теб+е, Со мн+ою д+ети л+ишь мо+и родн+ые, Конь+як в хруст+але, рюмка н+а стол+е…
Сегодня День Бухгалтера, мне грустно, С тобой отметить я его хочу, Я создала свой мир, где все на редкость пусто, Прости меня за то, что я сейчас молчу….….,Сег+одня Д+ень Бухг+алтера, мне гр+устно, С тоб+ой отм+етить +я ег+о хоч+у, Я создал+а свой м+ир, где вс+е на р+едкость п+усто, Прост+и мен+я за т+о, что +я сейч+ас молч+у….….
Теперь хочу я от тебя лишь отдалиться, Мне надоело все, так хочеться бежать, кричать, Чтоб тиканье часов могло остановиться, Когда конец пришел, не стоит больше начинать!,Теп+ерь хоч+у я +от теб+я лишь отдал+иться, Мне надо+ело вс+е, так х+очеться беж+ать, крич+ать, Чтоб т+иканье час+ов могл+о останов+иться, Когд+а кон+ец приш+ел, не ст+оит б+ольше начин+ать!
А было так ― совсем пустая сцена, И  темный зал не издавал ни звука, И мы влюблялись голосом Дассена В последний раз держал тебя за руку.,А б+ыло т+ак ― совс+ем пуст+ая сц+ена, И  т+емный з+ал не издав+ал ни зв+ука, И м+ы влюбл+ялись г+олосом Дасс+ена В посл+едний р+аз держ+ал теб+я за р+уку.
Прошли года, совсем другая сцена, И душу раздирающие звуки, Никто уже не помнит о Дассене, И не могу твои погладить руки.,Прошл+и год+а, совс+ем друг+ая сц+ена, И д+ушу раздир+ающие зв+уки, Никт+о уж+е не п+омнит +о Дасс+ене, И н+е мог+у тво+и погл+адить р+уки.
Лишь грустно ставлю старю пластинку, Чтоб шевельнуть мелодию в душе, Да посмотреть на милую картинку, Как мы искали рая в шалаше.,Лишь гр+устно ст+авлю ст+арю пл+астинку, Чтоб шевельн+уть мел+одию в душ+е, Да посмотр+еть на м+илую карт+инку, Как м+ы иск+али р+ая в шалаш+е.
Мы не нашли ни рая, и не ада, А разлетелись птицами в края, Где вместе нам не быть, твоя прохлада Осталась на губах ― все помню я.,Мы н+е нашл+и ни р+ая, +и не +ада, А разлет+елись пт+ицами в кра+я, Где вм+есте н+ам не б+ыть, тво+я прохл+ада Ост+алась н+а губ+ах ― все п+омню +я.
Ты приземлилась, я еще летаю, Все не найду посадочных огней, И ни о чем как будто не мечтаю, Лишь только иногда, и то во сне.,Ты приземл+илась, +я ещ+е лет+аю, Все н+е найд+у пос+адочных огн+ей, И н+и о ч+ем как б+удто н+е мечт+аю, Лишь т+олько иногд+а, и т+о во сн+е.
Где раньше ты была?  была? жила?,Где р+аньше т+ы был+а?  был+а? жил+а?
И не цвела сияньем легким и волшебным? волшебным?,И н+е цвел+а си+яньем л+егким +и волш+ебным? волш+ебным?
А почему так долго к мысли этой шла, В которой изначально просто всёё, как в небе.,А почем+у так д+олго к м+ысли +этой шл+а, В кот+орой изнач+ально пр+осто всёё, как в н+ебе.
Где ясно из истоков древних корневых О том, что мир прекрасен только в упоенье… Где счастливы мы лишь в мгновениях таких, Когда вкруг нас смеются, радуются дети.,Где +ясно +из ист+оков др+евних корнев+ых О т+ом, что м+ир прекр+асен т+олько в упо+енье… Где сч+астливы мы л+ишь в мгнов+ениях так+их, Когд+а вкруг н+ас смеются, р+адуются д+ети.
И сами светимся, когда тепло, даруем мы иным.,И с+ами св+етимся, когд+а тепл+о, дар+уем м+ы ин+ым.
Нам радостно, когда другие рядышком сияют. сияют.,Нам р+адостно, когд+а друг+ие р+ядышком си+яют. си+яют.
И где так долго проживал простейшей мысли этой блик, Чтобы недавно в сердце поселился он однажды.,И гд+е так д+олго прожив+ал прост+ейшей м+ысли +этой бл+ик, Чт+обы нед+авно в с+ердце посел+ился +он одн+ажды.
Я спешила к тебе через гору обиды , Через реку отчаянья, стену невзгод.,Я спеш+ила к теб+е через г+ору об+иды , Через р+еку отч+аянья, ст+ену невзг+од.
Улыбался натянуто мне небосвод, Время строило тщательно грёз пирамиды.,Улыб+ался нат+януто мн+е небосв+од, Время стр+оило тщ+ательно грёз пирам+иды.
Я спешила к тебе, окрылённая вдруг Промелькнувшим в толпе и исчезнувшим взглядом.,Я спеш+ила к теб+е, окрылённая вдр+уг Промелькн+увшим в толп+е и исч+езнувшим взгл+ядом.
Мне казалось всегда, что приют где-то рядом, Я искала надежды спасательный круг.,Мне каз+алось всегд+а, что приют где-то р+ядом, Я иск+ала над+ежды спас+ательный кр+уг.
Я спешила к тебе, чтоб успеть зачеркнуть Черновик своих дней и мятежных мгновений.,Я спеш+ила к теб+е, чтоб усп+еть зачеркн+уть Чернов+ик своих дн+ей и мят+ежных мгнов+ений.
Ожидая покорно ветров дуновенья, В полдень жаркий опять отправлялась я в путь.,Ожид+ая пок+орно ветр+ов дунов+енья, В полдень ж+аркий оп+ять отправл+ялась я в п+уть.
Я спешила к тебе, позабыв расстоянье От желанья до самой далёкой звезды…,Я спеш+ила к теб+е, позаб+ыв рассто+янье От жел+анья до с+амой далёкой звезд+ы…
Чтоб однажды признаться "Мне нужен лишь ты" Я спешила сквозь годы к тебе на свиданье.,Чтоб одн+ажды призн+аться "Мне н+ужен лишь т+ы" Я спеш+ила сквозь г+оды к теб+е на свид+анье.
Занавес опущен. ,З+анавес оп+ущен. 
Последний зритель вышел из игры Рояль в чехле, да шепот полотеров.,Посл+едний зр+итель в+ышел +из игр+ы Ро+яль в чехл+е, да ш+епот п+олотеров.
Лишь лепесток лежит один в пыли. пыли.,Лишь лепест+ок леж+ит од+ин в пыл+и. пыл+и.
Под крики браво отдал дань таланту Немеркнущей игре актрисы Теперь лежит притоптанный пуантом Один. кулисой.,Под кр+ики бр+аво +отдал д+ань тал+анту Нем+еркнущей игр+е актр+исы Теп+ерь леж+ит прит+оптанный пу+антом Од+ин. кул+исой.
Быть или не быть! быть!,Б+ыть +или не б+ыть! б+ыть!
Считалось, что цветка он не касался Но и его когда-то родила любовь Пыльцою в ласку стебель окунался.,Счит+алось, чт+о цветк+а он н+е кас+ался Но +и ег+о когд+а-то родил+а люб+овь Пыльц+ою в л+аску ст+ебель окун+ался.
Игре под ноги он летел счастливый Он храму Мельпомены оду спел Мелькнул в свеченье яркого софита Упал.,Игр+е под н+оги +он лет+ел счастл+ивый Он хр+аму Мельпом+ены +оду сп+ел Мелькн+ул в свеч+енье +яркого соф+ита Уп+ал.
Когда я останусь один, я не заплачу  Не к чему здесь привыкать, Е́сли привык к неудачам, Е́сли привык умирать.,Когд+а +я ост+анусь од+ин, +я не заплач+у  Н+е к чем+у здесь привык+ать, Е́сли прив+ык к неуд+ачам, Е́сли прив+ык умир+ать.
Я́ умираю… без цели и без причины, Я́ ни чему уж не рад.,Я́ умир+аю… без ц+ели и б+ез причин+ы, Я́ ни чем+у уж не р+ад.
Нет уж на сердце кручины, Просто любовь ― это ад.,Н+ет уж на с+ердце круч+ины, Пр+осто люб+овь ― +это +ад.
Не будет предсмертной агонии… Медленно, медленно смерть И́дет в моем направлении, Что б мне в глаза посмотреть.,Не б+удет предсм+ертной аг+онии… М+едленно, м+едленно см+ерть И́дет в мо+ем направл+ении, Чт+о б мне в глаз+а посмотр+еть.
И голос свой, не узнавая, Смеяться в лицо ей начну.,И г+олос свой, н+е узнав+ая, Сме+яться в лиц+о ей начн+у.
И́ взгляда не отведу я, Последний шаг сделав к концу,И́ взгляда н+е отвед+у я, Посл+едний шаг сд+елав к конц+у
Белле….  ,Б+елле….  
В безоблачную даль, В цветные кущи рая Ещёё одна печаль Умчалась неземная.,В без+облачную д+аль, В цветн+ые к+ущи р+ая Ещёё одн+а печ+аль Умч+алась неземн+ая.
Ещё один родник Иссяк, чтоб не забиться И только в небе крик…,Ещё од+ин родн+ик Исс+як, чтоб н+е заб+иться И т+олько в н+ебе кр+ик…
Что голос вещей птицы….. птицы…..…..,Что г+олос в+ещей пт+ицы….. пт+ицы…..…..
А травы не в росе….. росе…..…..,А тр+авы н+е в рос+е….. рос+е…..…..
И нам хоть и не время Но мы порой, как все, Уйдём вослед за всеми,И н+ам хоть +и не вр+емя Но м+ы пор+ой, как вс+е, Уйдём восл+ед за вс+еми
Наталья Кислинская Был декабрь обычным декабрем - Педантичным , хмурым, нелюдимым.,Нат+алья Кисл+инская Б+ыл дек+абрь об+ычным декабр+ем - Педант+ичным , хм+урым, нелюд+имым.
Коротая век свой день за днем, О́н напоминал в спектакле мима.,Корот+ая в+ек свой д+ень за дн+ем, О́н напомин+ал в спект+акле м+има.
Под личиной светлая душа. душа.,П+од лич+иной св+етлая душ+а. душ+а.
Неуютность это только маска. маска.,Неуютность +это т+олько м+аска. м+аска.
Повеления зимы верша, В тайне он надеялся на сказку.,Повел+ения зим+ы верш+а, В т+айне +он над+еялся на ск+азку.
Где азартен, словно юный май, В буйстве жизни, трепета и красок, Что душе угодно, выбирай, Все без фальши, холода и масок.,Гд+е аз+артен, сл+овно юный м+ай, В б+уйстве ж+изни, тр+епета и кр+асок, Чт+о душ+е уг+одно, выбир+ай, Вс+е без ф+альши, х+олода и м+асок.
На исходе пасмурного дня, На последнем жизненном дыханье Россыпью восторга и огня Воплотил заветное желанье.,Н+а исх+оде п+асмурного дн+я, Н+а посл+еднем ж+изненном дых+анье Р+оссыпью вост+орга +и огн+я Воплот+ил зав+етное жел+анье.
И́ его душа, взметнувшись вверх, Озарила темное пространство, Превращаясь в яркий фейерверк - В звездное летящее убранство.,И́ ег+о душ+а, взметн+увшись вв+ерх, Озар+ила т+емное простр+анство, Превращ+аясь в +яркий фейерв+ерк - В зв+ездное лет+ящее убр+анство.
Разукрасив леденящий свод Для людей, для их счастливых судеб… Шел ему на смену Новый год Для надежд и хлопотливых буден.,Разукр+асив леден+ящий св+од Дл+я люд+ей, для +их счастл+ивых с+удеб… Ш+ел ем+у на см+ену Н+овый г+од Дл+я над+ежд и хлопотл+ивых б+уден.
Наталья Кислинская,Нат+алья Кисл+инская
Не вижу ― значит, не люблю, Ты выдворен из внутреннего мира.,Не в+ижу ― зн+ачит, н+е люблю, Ты в+ыдворен из вн+утреннего м+ира.
Жизнь льется обезжиренным кефиром, Я в дрейфованье подражаю кораблю.,Жизнь ль+ется обезж+иренным кеф+иром, Я в др+ейфованье подраж+аю кораблю.
Нет алых, да и белых парусов, А палубу заполонили мыши.,Нет +алых, д+а и б+елых парус+ов, А п+алубу заполон+или м+ыши.
Твой голос не узнаю, не услышу Из сотни телефонных голосов.,Твой г+олос н+е узн+аю, н+е усл+ышу Из с+отни телеф+онных голос+ов.
Ты уст не осквернишь словесным вздором И вынесешь всю суть из чепухи, Но про тебя не пишутся стихи, И не идут с тобою разговоры.,Ты +уст не оскверн+ишь слов+есным взд+ором И в+ынесешь всю с+уть из чепух+и, Но пр+о теб+я не п+ишутся стих+и, И н+е ид+ут с тоб+ою разгов+оры.
Межклеточный природный магнетизм У нас не наблюдался, как явленье.,Межкл+еточный прир+одный магнет+изм У н+ас не наблюд+ался, к+ак явл+енье.
Любовь-синоним слова терроризм И ты тому живое подтвержденье.,Люб+овь-син+оним сл+ова террор+изм И т+ы том+у жив+ое подтвержд+енье.
Я́ песком скрипучим утоляла жажду И́ холодным воздухом питалась.,Я́ песк+ом скрип+учим утол+яла ж+ажду И́ хол+одным в+оздухом пит+алась.
Семьдесят ночей я, мой герой отважный, Позабыть глаза твои пыталась.,С+емьдесят ноч+ей я, м+ой гер+ой отв+ажный, Позаб+ыть глаз+а тво+и пыт+алась.
В луже утопила сигаретный дротик, Да беду рассыпала по ветру… До чего же быстро рук твоих наркотик Отыскал себе послаще жертву!,В л+уже утоп+ила сигар+етный др+отик, Д+а бед+у расс+ыпала по в+етру… Д+о чег+о же б+ыстро р+ук тво+их нарк+отик Отыск+ал себ+е посл+аще ж+ертву!
Ничего, что ты красивый, Ничего, что ты  хороший, Все равно тебя я кину, Все равно тебя я брошу…,Ничег+о, что т+ы крас+ивый, Ничег+о, что т+ы  хор+оший, Вс+е равн+о теб+я я к+ину, Вс+е равн+о теб+я я бр+ошу…
Ты в шепоте ветра, Ты в шуме  прибоя, И голос чуть слышен Далекий, знакомый…,Ты в ш+епоте в+етра, Ты в ш+уме  приб+оя, И г+олос чуть сл+ышен Дал+екий, знак+омый…
Дорогой небесной Плывешь с облаками, И нету начала, И нету конца ей…,Дор+огой неб+есной Плыв+ешь с облак+ами, И н+ету нач+ала, И н+ету конц+а ей…
В чудесный мир сказки, Где ангелы, эльфы Играют на скрипках Мелодию ветра…,В чуд+есный мир ск+азки, Где +ангелы, +эльфы Игр+ают на скр+ипках Мел+одию в+етра…
Гармонии замок Хрустальные грани, В ночных сновиденьях Ты видишь реально.,Гарм+онии з+амок Хруст+альные гр+ани, В ночн+ых сновид+еньях Ты в+идишь ре+ально.
И чувствую сердцем Твой пульс и дыханье, В них пламя любви, В них грусть ожиданья.,И ч+увствую с+ердцем Твой п+ульс и дых+анье, В них пл+амя любв+и, В них гр+усть ожид+анья.
Ну-ка, девки, не мешайте заработать кучу денег!  денег!,Н+у-ка, д+евки, н+е меш+айте зараб+отать к+учу д+енег!  д+енег!
Куча мне нужна большая, чтобы тратиться на девок…,К+уча мн+е нужн+а больш+ая, чт+обы тр+атиться на д+евок…
побежали мы с тобой в пО́ру первого свиданья (вспомнить можно при стараньи))))) Сколько раз мы замирали А́лла Аленина Сколько раз мы замирали…….,побеж+али м+ы с тоб+ой в пО́ру п+ервого свид+анья (всп+омнить м+ожно пр+и стар+аньи))))) Ск+олько раз м+ы замир+али А́лла Ал+енина Ск+олько р+аз мы замир+али…….
Сколько раз мы удивлялись этой сИ́ни голубой…. голубой….….,Ск+олько р+аз мы удивл+ялись +этой сИ́ни голуб+ой…. голуб+ой….….
сколько раз в глаза глядели… глядели…,ск+олько р+аз в глаз+а гляд+ели… гляд+ели…
в тишине…,в тишин+е…
не еле-еле - очень звУ́чна тишина, многозвучная она, мнО́гим, мнО́гим-многим, всЕ́м она полна - не пУстая(!(! успели к этим звукам? -,не +еле-+еле - +очень звУ́чна тишин+а, многозв+учная он+а, мнО́гим, мнО́гим-мн+огим, всЕ́м он+а полн+а - н+е пУст+ая(!(! усп+ели к +этим зв+укам? -
громче всяких труб они! -! -,гр+омче вс+яких тр+уб он+и! -! -
только в полной тишине их возможно нам услышать, только в полной тишине слышим мы чем сердце бьётся, только в полной тишине разговор с самИ́м ведётся, только в полной тишине тебе космос отзовётся…ётся…,т+олько в п+олной тишин+е +их возм+ожно н+ам усл+ышать, т+олько в п+олной тишин+е сл+ышим м+ы чем с+ердце бьётся, т+олько в п+олной тишин+е разгов+ор с самИ́м ведётся, т+олько в п+олной тишин+е т+ебе к+осмос отзовётся…ётся…
только в полной тишине. тишине.,т+олько в п+олной тишин+е. тишин+е.
ЗвУ́чные онЕ́…,ЗвУ́чные онЕ́…
Осенняя тоска в промокших серых тропах, Осенняя  печаль в осевших облаках, Осеннее унынье в этих строках, Боль осени в словах.,Ос+енняя тоск+а в пром+окших с+ерых тр+опах, Ос+енняя  печ+аль в ос+евших облак+ах, Ос+еннее ун+ынье в +этих стр+оках, Боль +осени в слов+ах.
Продрогший воробей себя, рассматривая в луже, С поникшим видом чистил перья не спеша.,Продр+огший вороб+ей себ+я, рассм+атривая в л+уже, С пон+икшим в+идом ч+истил п+ерья н+е спеш+а.
Он так поник не от того, что он простужен, А от того, что одинокая душа Все лето он резвился на балконах По крышам дома, по лужайкам во дворах Его кормили крошками в ладонях, А ныне одиночества лишь страх.,Он т+ак пон+ик не +от тог+о, что +он прост+ужен, А +от тог+о, что один+окая душ+а Все л+ето +он резв+ился н+а балк+онах По кр+ышам д+ома, п+о луж+айкам в+о двор+ах Ег+о корм+или кр+ошками в лад+онях, А н+ыне один+очества лишь стр+ах.
Подует ветер, всколыхнув водицу в луже, Рябь отражение приумножит на чуть-чуть Птенец подумает, что все же другу нужен, Подумать сможет, но не обмануть.,Под+ует в+етер, всколыхн+ув вод+ицу в л+уже, Р+ябь отраж+ение приумн+ожит на ч+уть-ч+уть Птен+ец под+умает, что вс+е же др+угу н+ужен, Под+умать см+ожет, н+о не обман+уть.
И он, обиженно до серых туч взлетая, До туч, пропитанных осенним холодком, Решит, что на земле нет вовсе рая И облаками наречет свой дом.,И +он, об+иженно до с+ерых т+уч взлет+ая, До т+уч, проп+итанных ос+енним холодк+ом, Реш+ит, что н+а земл+е нет в+овсе р+ая И облак+ами нареч+ет свой д+ом.
……………Как, парни, можно верить вам? …………… вам? ушам… одном: объем., мне, душе… коварный!,……………Как, п+арни, м+ожно в+ерить в+ам? …………… в+ам? уш+ам… одн+ом: объ+ем., мн+е, душ+е… ков+арный!
Ты ездиешь мне по ушам! ушам!,Ты езди+ешь мне п+о уш+ам! уш+ам!
Когда ж ты поймёшь, Что я вся ― роковая душа?!?!,Когд+а ж ты поймёшь, Что +я вся ― роков+ая д+уша?!?!
Что вовсе неважны Размеры девичьих бюстО́в - Гораздо важнее Девичия наша любовь!,Что в+овсе неважн+ы Разм+еры д+евичьих бюстО́в - Гор+аздо в+ажнее Дев+ичия н+аша люб+овь!
В кострах души останется зола, Пока не  вспыхнет новое начало… Любовь моя, меня ты предала Непостижимым блеском идеала!,В костр+ах душ+и ост+анется зол+а, Пок+а не  всп+ыхнет н+овое нач+ало… Люб+овь мо+я, мен+я ты предал+а Непостиж+имым бл+еском иде+ала!
Наивность трасс из боли и огня, Стиль жизни однолюба однолюба-недотроги, Внушили мысль в наивного меня, Что тайны раскрываются дорогой.,На+ивность тр+асс из б+оли +и огн+я, Стиль ж+изни однолюба однолюба-недотр+оги, Внуш+или м+ысль в на+ивного мен+я, Что т+айны раскрыв+аются дор+огой.
По валунам, наложенным в судьбе, Вселяющему млечность непокорно, Я продвигался медленно к тебе, Но все-таки надежно и упорно.,По валун+ам, нал+оженным в судьб+е, Всел+яющему мл+ечность непок+орно, Я продвиг+ался м+едленно к теб+е, Но вс+е-таки над+ежно +и уп+орно.
В минуты грез теряя образ твой, От страсти, льнущей к сердцу лентой липкой, Бывало, заменял тебя другой, Пока не сознавал своей ошибки… И улетая, чтобы не упасть, Пускался по неистовому свету, Отыскивая так свою же часть, Я бредил вновь!, боль в груди уняв, Я сердце сжал в кулак, чтоб тише билось… Любовь моя, ты предала меня, Всего лишь тем, что где-то не родилась!,В мин+уты гр+ез тер+яя +образ тв+ой, От стр+асти, льн+ущей к с+ердцу л+ентой л+ипкой, Быв+ало, замен+ял теб+я друг+ой, Пок+а не сознав+ал сво+ей ош+ибки… И улет+ая, чт+обы н+е уп+асть, Пуск+ался п+о не+истовому св+ету, От+ыскивая т+ак свою же ч+асть, Я бр+едил вн+овь!, б+оль в груд+и ун+яв, Я с+ердце сж+ал в кул+ак, чтоб т+ише б+илось… Люб+овь мо+я, ты предал+а мен+я, Всег+о лишь т+ем, что гд+е-то н+е род+илась!
Он в кулаке сжимал свои секреты, и  в рукавицы сейф его одет.,Он в кулак+е сжим+ал сво+и секр+еты, и  в рукав+ицы с+ейф ег+о од+ет.
Когда его просили пожать руку, Ладонь плотнее пряталась под плед.,Когд+а ег+о прос+или п+ожать р+уку, Лад+онь плотн+ее пр+яталась под пл+ед.
Из уст его слова, как соловьём, пронзали каждый жаждущий причал.,Из +уст ег+о слов+а, как соловьём, пронз+али к+аждый ж+аждущий прич+ал.
Он пел о каждом счастье, о своём с опаской лишь укромно умолчал.,Он п+ел о к+аждом сч+астье, +о своём с оп+аской л+ишь укр+омно умолч+ал.
Копились тайны, и уже по локоть сковали лёгкие движения руки.,Коп+ились т+айны, и +уже по л+окоть сков+али лёгкие движ+ения рук+и.
Тяжёлым гипсом закрепляя кости, он ставил на коварности замки.,Тяжёлым г+ипсом закрепл+яя к+ости, он ст+авил н+а ков+арности замк+и.
Вопросы отвергая, раз от раза он убегал от тайн как резвый конь.,Вопр+осы отверг+ая, раз +от раз+а он убег+ал от т+айн как р+езвый к+онь.
Как конь, поддавшийся не сразу. сразу.,Как к+онь, подд+авшийся не ср+азу. ср+азу.
Не каждому откроешь всю ладонь. ладонь.,Не к+аждому откр+оешь всю лад+онь. лад+онь.
Сладости ― гадости, Горечи ― радости, Мудрость и глупость , Щедрость и скупость, Святость и грешность, Грубость и нежность, Лень и прилежность, Лживость и честность, Страх и беспечность, Жизнь ― быстротечность.,Сл+адости ― г+адости, Г+оречи ― р+адости, М+удрость и гл+упость , Щ+едрость и ск+упость, Св+ятость и гр+ешность, Гр+убость и н+ежность, Л+ень и прил+ежность, Лж+ивость и ч+естность, Стр+ах и бесп+ечность, Ж+изнь ― быстрот+ечность.
Рифмам, наверное, нету предела! предела!,Р+ифмам, нав+ерное, н+ету пред+ела! пред+ела!
Как пережить я все это успела?! успела?!?!,К+ак переж+ить я все +это усп+ела?! усп+ела?!?!
Так из мгновений слагается вечность. вечность.,Т+ак из мгнов+ений слаг+ается в+ечность. в+ечность.
В экстремумах Ноль ― бесконечность. ― бесконечность.,В экстрем+умах Н+оль ― бескон+ечность. ― бескон+ечность.
Ла̀сточка нѐжная но̀сится, но̀сится В во̀здухе свѐтлом  вѐчером лѐтним, Кру̀жится в нѐбе, стрело̀ю проно̀сится На̀д колоко̀льней ты̀сячелѐтней.̀сячелѐтней.,Ла̀сточка нѐжная но̀сится, но̀сится В во̀здухе свѐтлом  вѐчером лѐтним, Кру̀жится в нѐбе, стрело̀ю проно̀сится На̀д колоко̀льней ты̀сячелѐтней.̀сячелѐтней.
Ко̀локол мѐдный, ко̀локол дрѐвний Дня̀ оконча̀нье на̀м возвеща̀ет.̀ет.,Ко̀локол мѐдный, ко̀локол дрѐвний Дня̀ оконча̀нье на̀м возвеща̀ет.̀ет.
Тѝхо над Сѐной.̀ной. ма̀ем.̀ем.,Тѝхо над Сѐной.̀ной. ма̀ем.̀ем.
Чѐрная ла̀сточка с бѐлою шѐйкой, Ка̀к хороша̀̀ ты сейча̀с така̀я: Па̀даешь нѝзко, скользѝшь над скамѐйкой, В нѐбо опя̀ть беззабо̀тно взлета̀я.̀я.,Чѐрная ла̀сточка с бѐлою шѐйкой, Ка̀к хороша̀̀ ты сейча̀с така̀я: Па̀даешь нѝзко, скользѝшь над скамѐйкой, В нѐбо опя̀ть беззабо̀тно взлета̀я.̀я.
Вѐстница сча̀стья, вѐстница лѐта, Вѐстница вѐчера, дру̀г созерца̀теля, Ста̀нь мне подру̀гой вечѐрнего свѐта, Нѐжной сестро̀й в небеса̀х у Созда̀теля.̀теля.,Вѐстница сча̀стья, вѐстница лѐта, Вѐстница вѐчера, дру̀г созерца̀теля, Ста̀нь мне подру̀гой вечѐрнего свѐта, Нѐжной сестро̀й в небеса̀х у Созда̀теля.̀теля.
чувствовать запахи ветра… ,ч+увствовать з+апахи в+етра… 
вдыхать море кожей…,вдых+ать море к+ожей…
видеть касание нежности…,в+идеть кас+ание н+ежности…
фибрами… ,ф+ибрами… 
жабрами… ,ж+абрами… 
пятый глаз открыт в восприятие прошлого… прошлого…,п+ятый гл+аз откр+ыт в воспри+ятие пр+ошлого… пр+ошлого…
улыбаться… ,улыб+аться… 
оскал идиота - помнить только хорошее… хорошее…,оск+ал иди+ота - п+омнить т+олько хор+ошее… хор+ошее…
сплетали венки…,сплет+али венк+и…
из одуванчиков…,из одув+анчиков…
мечты выдуло…,мечт+ы в+ыдуло…
-Тише…  -  слышит. миг. брызжут! кричит. уйдем. кричит.,-Тише…  -  сл+ышит. м+иг. бр+ызжут! крич+ит. уйд+ем. крич+ит.
Здесь, в поле широком, среди разнотравья густого , о чём-то задумавшись, камень огромный лежит.,Здесь, в п+оле шир+оком, сред+и разнотр+авья густ+ого , о чём-то зад+умавшись, к+амень огр+омный леж+ит.
Дождям монотонным, снегам, что подобны обновам, жаре беспощадной и стуже всегда он открыт.,Дожд+ям монот+онным, снег+ам, что под+обны обн+овам, жар+е беспощ+адной и ст+уже всегд+а он откр+ыт.
